DROP TABLE demo;

CREATE TABLE employees (
    employee_id INT PRIMARY KEY,
    employee_department VARCHAR(50),
    employee_salary DECIMAL(10, 2),
    line_manager_id INT
);

CREATE TABLE names (
    employee_id INT PRIMARY KEY,
    employee_name VARCHAR(100),
    employee_gender CHAR(1),
    employee_nationality VARCHAR(50)
);

CREATE TABLE product (
    product_id INTEGER PRIMARY KEY,
    product_name TEXT,
    product_price DECIMAL(10, 2)
);

CREATE TABLE sales (
    sale_id INTEGER PRIMARY KEY,
    sale_date DATE,
    employee_id INTEGER,
    product_id INTEGER,
    product_value DECIMAL(10, 2),
    FOREIGN KEY (employee_id) REFERENCES employees(employee_id),
    FOREIGN KEY (product_id) REFERENCES product(product_id)
);

INSERT INTO employees (employee_id, employee_department, employee_salary, line_manager_id) VALUES
(1, 'Sales', 55000.00, 2),
(2, 'Founder', 90000.00, NULL),
(3, 'Marketing', 50000.00, 2),
(4, 'Marketing', 52000.00, 3),
(5, 'HR', 47000.00, 2),
(6, 'HR', 49000.00, 5),
(7, 'IT', 62000.00, 2),
(8, 'IT', 63000.00, 7),
(9, 'Finance', 70000.00, 2),
(10, 'Finance', 72000.00, 9),
(11, 'Operations', 54000.00, 2),
(12, 'Operations', 56000.00, 11),
(13, 'Sales', 55000.00, 2),
(14, 'Sales', 60000.00, 2),
(15, 'Marketing', 51000.00, 3),
(16, 'Marketing', 53000.00, 3),
(17, 'HR', 48000.00, 5),
(18, 'HR', 50000.00, 5),
(19, 'IT', 64000.00, 7),
(20, 'IT', 65000.00, 7),
(21, 'Finance', 71000.00, 9),
(22, 'Finance', 73000.00, 9),
(23, 'Operations', 55000.00, 11),
(24, 'Operations', 57000.00, 11),
(25, 'Sales', 56000.00, 2),
(26, 'Sales', 62000.00, 2),
(27, 'Marketing', 52000.00, 3),
(28, 'Marketing', 54000.00, 3),
(29, 'HR', 49000.00, 5),
(30, 'HR', 51000.00, 5);

INSERT INTO names (employee_id, employee_name, employee_gender, employee_nationality) VALUES
(1, 'John Smith', 'M', 'American'),
(2, 'Jane Doe', 'F', 'Canadian'),
(3, 'Emily Davis', 'F', 'British'),
(4, 'Michael Brown', 'M', 'Australian'),
(5, 'Linda Johnson', 'F', 'American'),
(6, 'James Wilson', 'M', 'Canadian'),
(7, 'Sarah Taylor', 'F', 'British'),
(8, 'David Lee', 'M', 'Australian'),
(9, 'Laura Martinez', 'F', 'American'),
(10, 'Robert Anderson', 'M', 'Canadian'),
(11, 'Nancy Thomas', 'F', 'British'),
(12, 'Daniel White', 'M', 'Australian'),
(13, 'Olivia Harris', 'F', 'American'),
(14, 'William Clark', 'M', 'Canadian'),
(15, 'Sophia Lewis', 'F', 'British'),
(16, 'Matthew Walker', 'M', 'Australian'),
(17, 'Isabella Hall', 'F', 'American'),
(18, 'Ethan Young', 'M', 'Canadian'),
(19, 'Mia Scott', 'F', 'British'),
(20, 'Joshua Allen', 'M', 'Australian'),
(21, 'Charlotte King', 'F', 'American'),
(22, 'Ryan Wright', 'M', 'Canadian'),
(23, 'Ava Nelson', 'F', 'British'),
(24, 'Alexander Carter', 'M', 'Australian'),
(25, 'Amelia Evans', 'F', 'American'),
(26, 'Benjamin Adams', 'M', 'Canadian'),
(27, 'Harper Collins', 'F', 'British'),
(28, 'Lucas Murphy', 'M', 'Australian'),
(29, 'Ella Robinson', 'F', 'American'),
(30, 'Jacob Lewis', 'M', 'Canadian');

INSERT INTO sales (sale_id, sale_date, employee_id, product_id, product_value) VALUES
(1, '2023-01-01', 1, 1, 99.99),
(2, '2023-01-01', 2, 2, 149.99),
(3, '2023-01-03', 13, 3, 79.99),
(4, '2023-01-03', 14, 4, 199.99),
(5, '2023-01-04', 25, 5, 89.99),
(6, '2023-01-04', 26, 6, 129.99),
(7, '2023-01-05', 1, 7, 159.99),
(8, '2023-01-05', 2, 8, 109.99),
(9, '2023-01-07', 13, 9, 139.99),
(10, '2023-01-08', 14, 10, 189.99),
(11, '2023-01-08', 25, 1, 99.99),
(12, '2023-01-09', 26, 2, 149.99),
(13, '2023-01-10', 1, 3, 79.99),
(14, '2023-01-11', 2, 4, 199.99),
(15, '2023-01-12', 13, 5, 89.99),
(16, '2023-01-13', 14, 6, 129.99),
(17, '2023-01-14', 25, 7, 159.99),
(18, '2023-01-14', 26, 8, 109.99),
(19, '2023-01-15', 1, 9, 139.99),
(20, '2023-01-16', 2, 10, 189.99),
(21, '2023-01-17', 13, 1, 99.99),
(22, '2023-01-17', 14, 2, 149.99),
(23, '2023-01-18', 25, 3, 79.99),
(24, '2023-01-19', 26, 4, 199.99),
(25, '2023-01-20', 1, 5, 89.99),
(26, '2023-01-21', 2, 6, 129.99),
(27, '2023-01-22', 13, 7, 159.99),
(28, '2023-01-23', 14, 8, 109.99),
(29, '2023-01-23', 25, 9, 139.99),
(30, '2023-01-24', 26, 10, 189.99),
(31, '2023-01-25', 1, 1, 99.99),
(32, '2023-01-26', 2, 2, 149.99),
(33, '2023-01-27', 13, 3, 79.99),
(34, '2023-01-28', 14, 4, 199.99),
(35, '2023-01-28', 25, 5, 89.99),
(36, '2023-01-29', 26, 6, 129.99),
(37, '2023-01-29', 1, 7, 159.99),
(38, '2023-01-30', 2, 8, 109.99),
(39, '2023-01-30', 13, 9, 139.99),
(40, '2023-01-31', 14, 10, 189.99),
(41, '2023-01-31', 25, 1, 99.99),
(42, '2023-02-01', 26, 2, 149.99),
(43, '2023-02-01', 1, 3, 79.99),
(44, '2023-02-02', 2, 4, 199.99),
(45, '2023-02-03', 13, 5, 89.99),
(46, '2023-02-03', 14, 6, 129.99),
(47, '2023-02-05', 25, 7, 159.99),
(48, '2023-02-06', 26, 8, 109.99),
(49, '2023-02-07', 1, 9, 139.99),
(50, '2023-02-08', 2, 10, 189.99),
(51, '2023-02-08', 13, 1, 99.99),
(52, '2023-02-09', 14, 2, 149.99),
(53, '2023-02-10', 25, 3, 79.99),
(54, '2023-02-10', 26, 4, 199.99),
(55, '2023-02-11', 1, 5, 89.99),
(56, '2023-02-11', 2, 6, 129.99),
(57, '2023-02-13', 13, 7, 159.99),
(58, '2023-02-13', 14, 8, 109.99),
(59, '2023-02-14', 25, 9, 139.99),
(60, '2023-02-15', 26, 10, 189.99),
(61, '2023-02-16', 1, 1, 99.99),
(62, '2023-02-17', 2, 2, 149.99),
(63, '2023-02-18', 13, 3, 79.99),
(64, '2023-02-19', 14, 4, 199.99),
(65, '2023-02-20', 25, 5, 89.99),
(66, '2023-02-20', 26, 6, 129.99),
(67, '2023-02-21', 1, 7, 159.99),
(68, '2023-02-22', 2, 8, 109.99),
(69, '2023-02-23', 13, 9, 139.99),
(70, '2023-02-24', 14, 10, 189.99),
(71, '2023-02-25', 25, 1, 99.99),
(72, '2023-02-25', 26, 2, 149.99),
(73, '2023-02-26', 1, 3, 79.99),
(74, '2023-02-27', 2, 4, 199.99),
(75, '2023-02-27', 13, 5, 89.99),
(76, '2023-02-28', 14, 6, 129.99),
(77, '2023-03-01', 25, 7, 159.99),
(78, '2023-03-02', 26, 8, 109.99),
(79, '2023-03-03', 1, 9, 139.99),
(80, '2023-03-04', 2, 10, 189.99),
(81, '2023-03-05', 13, 1, 99.99),
(82, '2023-03-06', 14, 2, 149.99),
(83, '2023-03-07', 25, 3, 79.99),
(84, '2023-03-08', 26, 4, 199.99),
(85, '2023-03-09', 1, 5, 89.99),
(86, '2023-03-10', 2, 6, 129.99),
(87, '2023-03-11', 13, 7, 159.99),
(88, '2023-03-12', 14, 8, 109.99),
(89, '2023-03-13', 25, 9, 139.99);

INSERT INTO product (product_id, product_name, product_price) VALUES
(1, 'Laptop Pro 15"', 999.99),
(2, 'Smartphone X', 799.99),
(3, 'Wireless Headphones', 199.99),
(4, '4K Monitor', 499.99),
(5, 'Gaming Mouse', 59.99),
(6, 'Mechanical Keyboard', 129.99),
(7, 'External SSD 1TB', 149.99),
(8, 'Smartwatch Series 5', 299.99),
(9, 'Bluetooth Speaker', 99.99),
(10, 'Tablet S10', 399.99);
